Field_AT_ID,Field_ID,Table_ID,Table_Name,Field_Name,Field_Type,Redis_Cache,Redis_TTL,Field_Details,One_Or_Many,Registry_Created,Is_Linked_Field,Linked_Table,Linked_Table_ID
recYUK4tbKKbzuGft,fldtDyutuFOQTVUxG,tblcAWqmv1jujvStB,Chatbase_Conversations,AT_Chatbase_Conversation_ID,formula,checked,3600,,,5/6/2025 8:42pm,,,
recHXKI0kNEnEbGX8,fldfvTKlJ1S1i4SrT,tblcAWqmv1jujvStB,Chatbase_Conversations,Start_Time,dateTime,checked,3600,,,5/6/2025 8:42pm,,,
rec4KI21G4AlLVbD4,fld72Py98xoiYrdjN,tblcAWqmv1jujvStB,Chatbase_Conversations,Created_Time,createdTime,checked,3600,,,5/6/2025 8:42pm,,,
recoIjTMZRFNAiqDv,fldpPcxedyIPiWozB,tblcAWqmv1jujvStB,Chatbase_Conversations,Chatbase_Messages,multipleRecordLinks,checked,3600,,,5/6/2025 8:42pm,checked,Chatbase_Messages,tblBdiDXYoscDkQGe
rec97cfDiDIQE65Ig,fld3SBpu7sXCAHO7O,tblcAWqmv1jujvStB,Chatbase_Conversations,Org_ID,singleLineText,checked,3600,,,5/6/2025 8:42pm,,,
reclXpEDJTiJTx8Ab,fld7telhfmcKLSPau,tblcAWqmv1jujvStB,Chatbase_Conversations,Chatbase_Assistant_ID,singleLineText,checked,3600,,,5/6/2025 8:42pm,,,
recj4CjbL1bkvu1LL,fldS3F2zIVHLrms0N,tblcAWqmv1jujvStB,Chatbase_Conversations,IE_All_Users,multipleRecordLinks,checked,3600,,,5/6/2025 8:42pm,checked,IE_All_Users,tblbiZ0r6hIVfAWsY
recVvToBosP8bzaBO,fldkQ75E5je25yDU8,tblcAWqmv1jujvStB,Chatbase_Conversations,Chatbase_Conversation_ID,singleLineText,checked,3600,,,5/6/2025 8:46pm,,,
recQoSkkdhx9WgxWw,fldJttifyGnKpnB7L,tblBdiDXYoscDkQGe,Chatbase_Messages,Chatbase_Conversation_ID,multipleRecordLinks,checked,3600,,,5/6/2025 8:42pm,checked,Chatbase_Conversations,tblcAWqmv1jujvStB
recCotFFHZv1IIPtP,fldE8fXWco1JCTQEw,tblBdiDXYoscDkQGe,Chatbase_Messages,Start_Time,dateTime,checked,3600,,,5/6/2025 8:42pm,,,
recv90kAe8cIvoRq1,fldwFbLKBUx0igbwq,tblBdiDXYoscDkQGe,Chatbase_Messages,Created_Time,createdTime,checked,3600,,,5/6/2025 8:42pm,,,
recOvED8arYSCxZ6q,fldsmZALrm9kNoqPS,tblBdiDXYoscDkQGe,Chatbase_Messages,Message_Tags,multipleRecordLinks,checked,3600,,,5/6/2025 8:42pm,checked,IE_Tags,tblvyc6ltQIO5bwlI
recUCF7tPoPr4KzyB,fldB1SgXoapBeuybM,tblBdiDXYoscDkQGe,Chatbase_Messages,Last_Updated,lastModifiedTime,checked,3600,,,5/6/2025 8:42pm,,,
recXNxMJpzElR3RrA,fldbyPhxTqvHlZjvJ,tblBdiDXYoscDkQGe,Chatbase_Messages,Message_Text,multilineText,checked,3600,,,5/6/2025 8:42pm,,,
recuTv66yEPChwoEz,fldpFs3U7V3URtqrc,tblBdiDXYoscDkQGe,Chatbase_Messages,Log_This_Thread,checkbox,checked,3600,,,5/6/2025 8:42pm,,,
recXoiKYPMVb3nCT0,fldHyKu5FWzBNcGuK,tblBdiDXYoscDkQGe,Chatbase_Messages,Role,singleSelect,checked,3600,,,5/6/2025 8:42pm,,,
recnGOYzTzz9kC3eP,fldB7BY8myFbKZuWD,tblBdiDXYoscDkQGe,Chatbase_Messages,Message_Attachment,multipleAttachments,checked,3600,,,5/6/2025 8:42pm,,,
recTcBuqwlQkUko6B,fldF0R3Cr4n5eg6vm,tblBdiDXYoscDkQGe,Chatbase_Messages,Chatbase_Conversations,multipleRecordLinks,checked,3600,,,5/6/2025 8:42pm,checked,Chatbase_Conversations,tblcAWqmv1jujvStB
rec6JK5J8sizbWUla,fldaOA8H5Pct5iHQl,tblBdiDXYoscDkQGe,Chatbase_Messages,Chatbase_Message_ID,singleLineText,checked,3600,,,5/6/2025 8:44pm,,,
recaj15QvhsZrgKh8,fldG8gzS9GQRUqWrs,tblbiZ0r6hIVfAWsY,IE_All_Users,User_ID,formula,checked,3600,,,4/8/2025 7:11pm,,,
rec7EuepE7N1e2IAL,fldPM81hadoY2LEwc,tblbiZ0r6hIVfAWsY,IE_All_Users,Email,email,checked,3600,,,4/8/2025 7:11pm,,,
recuIrL1r8JocTIZo,fldgoW7vaDt0t8IJh,tblbiZ0r6hIVfAWsY,IE_All_Users,First_Name,singleLineText,checked,3600,,,4/8/2025 7:11pm,,,
recvBNgMpepF5JPZv,fldmA8ZmqLXidPE33,tblbiZ0r6hIVfAWsY,IE_All_Users,Local_User_Documents,singleLineText,checked,3600,,,4/8/2025 7:11pm,,,
recM2Cih2fThMHYXX,fldC73j4eBJBcCec6,tblbiZ0r6hIVfAWsY,IE_All_Users,Softr_Magic_Link,url,checked,3600,,,4/8/2025 7:11pm,,,
recaX118EBQfR8IBI,fldWnU90cFXUbOnvk,tblbiZ0r6hIVfAWsY,IE_All_Users,Avatar,multipleAttachments,checked,3600,,,4/8/2025 7:11pm,,,
recgBeyrFCBkhO7z5,fldapx4WVbh7RCf9A,tblbiZ0r6hIVfAWsY,IE_All_Users,Account_Creation,dateTime,checked,3600,,,4/8/2025 7:11pm,,,
recBgoCujamueUHay,fld5gbbJuWwxwYWwx,tblbiZ0r6hIVfAWsY,IE_All_Users,Thread_History,singleLineText,checked,3600,,,4/8/2025 7:11pm,,,
recgWOZxJrMNzHNpo,fldFdVfalz0Trj7vW,tblbiZ0r6hIVfAWsY,IE_All_Users,User_Tags,multipleRecordLinks,checked,3600,,,4/8/2025 7:11pm,checked,,
recx1WRaBOm0QqoL6,fld4oza7voMvirPYK,tblbiZ0r6hIVfAWsY,IE_All_Users,Title,singleLineText,checked,3600,,,4/8/2025 7:11pm,,,
recPUWelWdU5hHRJQ,fld29OjjUUurmZRfC,tblbiZ0r6hIVfAWsY,IE_All_Users,Role,multipleRecordLinks,checked,3600,,,4/8/2025 7:11pm,checked,,
recoaqq2mxJxoQtCC,fldWkqrRtcXxgpgdd,tblbiZ0r6hIVfAWsY,IE_All_Users,Role_Name (from Role),multipleLookupValues,checked,3600,,,4/8/2025 7:11pm,,,
recpBjBDNgD3k3LcK,fldxvIhljQXKrO4RH,tblbiZ0r6hIVfAWsY,IE_All_Users,Local_Organizations_Linked,multipleRecordLinks,checked,3600,,,4/8/2025 7:11pm,checked,,
recb38WLNozQ6Dxdf,fldrNuNA5wMsgJx5k,tblbiZ0r6hIVfAWsY,IE_All_Users,Org_Name_Lookup,multipleLookupValues,checked,3600,,,4/8/2025 7:11pm,,,
rec8Mi2l9MIftzlQF,fldVWHUd2N0izIheN,tblbiZ0r6hIVfAWsY,IE_All_Users,Tag_Name (from User_Tags),multipleLookupValues,checked,3600,,,4/8/2025 7:11pm,,,
recM2Rx1KKEnUqhtq,fldKfA32ANauP25yE,tblbiZ0r6hIVfAWsY,IE_All_Users,Phone,phoneNumber,checked,3600,,,4/8/2025 7:11pm,,,
reckvxlV6Y68CiWJQ,fldpM7oY02gWDUTxu,tblbiZ0r6hIVfAWsY,IE_All_Users,User_Intake_Item_01,richText,checked,3600,,,4/8/2025 7:11pm,,,
recUOgHLRp9NVn0eT,fldHxLRjveP99ATv8,tblbiZ0r6hIVfAWsY,IE_All_Users,User_Tags_Intake_Array,richText,checked,3600,,,4/8/2025 7:11pm,,,
recIjQlQhl2aL7Q0P,fldFQg63YisRTdw5Q,tblbiZ0r6hIVfAWsY,IE_All_Users,Account_Status,singleSelect,checked,3600,,,4/8/2025 7:11pm,,,
recc218DSct1NzZvp,fldk0LBTfVoU3j7uM,tblbiZ0r6hIVfAWsY,IE_All_Users,Latest_Chat_Thread_ID,multipleLookupValues,checked,3600,,,4/8/2025 7:11pm,,,
recnOhuJElhwCDkQX,fldRVVWGf728sNq8F,tblbiZ0r6hIVfAWsY,IE_All_Users,Latest_System_Welcome,multipleLookupValues,checked,3600,,,4/8/2025 7:11pm,,,
rec1smFITLYgPxpN1,fldXmt1y9yl9pm0fq,tblbiZ0r6hIVfAWsY,IE_All_Users,Next_Greeting_Text,multilineText,checked,3600,,,4/8/2025 7:11pm,,,
recPd3qFr1pVIaZo7,fldlYwIKQIUfYA5xs,tblbiZ0r6hIVfAWsY,IE_All_Users,User_Interaction_Log,multipleRecordLinks,checked,3600,,,4/8/2025 7:11pm,checked,,
recKVgA93YeiYbE0t,fldYmZQDUCPlur7Ew,tblbiZ0r6hIVfAWsY,IE_All_Users,Latest_Thread_ID,multipleLookupValues,checked,3600,,,4/8/2025 7:11pm,,,
recyup6uyqxa707p1,fldlZVoV83om9807y,tblbiZ0r6hIVfAWsY,IE_All_Users,Context_01_Text,multilineText,checked,3600,,,4/8/2025 7:11pm,,,
recHSjFoviGHgqszA,fldV8AYPG5g4WBGqf,tblbiZ0r6hIVfAWsY,IE_All_Users,Context_02_Text,singleLineText,checked,3600,,,4/8/2025 7:11pm,,,
recaoHRge8yUNd4mK,fldy3GkzMGDX2GMUE,tblbiZ0r6hIVfAWsY,IE_All_Users,Context_03_Text,singleLineText,checked,3600,,,4/8/2025 7:11pm,,,
rec6eHyKa1AyMNTTX,fldD7A5AN0L2BMfvP,tblbiZ0r6hIVfAWsY,IE_All_Users,Context_04_Text,singleLineText,checked,3600,,,4/8/2025 7:11pm,,,
recEDtuSrHdtRE8Ct,fldFIKyhNE7lsDPyG,tblbiZ0r6hIVfAWsY,IE_All_Users,Context_05_Text,singleLineText,checked,3600,,,4/8/2025 7:11pm,,,
rec2ZcTE3ujxs99Ql,fldv8eg0daep5u9Q3,tblbiZ0r6hIVfAWsY,IE_All_Users,LM_Context_01,lastModifiedTime,checked,3600,,,4/8/2025 7:11pm,,,
rec7ftShQQKoCx6se,fld9pWeqkm0UKc0AM,tblbiZ0r6hIVfAWsY,IE_All_Users,LM_Context_02,lastModifiedTime,checked,3600,,,4/8/2025 7:11pm,,,
rec8JOg1OYLP9gpE9,fld5bPGz0G2a35Zzn,tblbiZ0r6hIVfAWsY,IE_All_Users,User_Intake_Item_02,richText,checked,3600,,,4/8/2025 7:11pm,,,
rec3Zt3zvA8Cj3oXQ,fldiogaebrC6PbujX,tblbiZ0r6hIVfAWsY,IE_All_Users,Intake_Token,richText,checked,3600,,,4/8/2025 7:11pm,,,
recMQcTwJacL3MtiQ,fldEiwdDI5PrBsktZ,tblbiZ0r6hIVfAWsY,IE_All_Users,User_Intake_Item_03,richText,checked,3600,,,4/8/2025 7:11pm,,,
recMUoyaxKo39Olo0,fldExdI0YtSKVPJwY,tblbiZ0r6hIVfAWsY,IE_All_Users,User_Intake_Item_04,richText,checked,3600,,,4/8/2025 7:11pm,,,
reci37uxY1QwgmaQZ,fld4XiQ1Boll7fCgI,tblbiZ0r6hIVfAWsY,IE_All_Users,User_Intake_Item_05,richText,checked,3600,,,4/8/2025 7:11pm,,,
reciSex8enSlViqTp,fldg4tKdbSdJVpmv3,tblbiZ0r6hIVfAWsY,IE_All_Users,IE_Central_Org_ID,multilineText,checked,3600,,,4/8/2025 7:11pm,,,
recyMFDWoPDyVQB47,fldTfHXDw5Ym9lpU5,tblbiZ0r6hIVfAWsY,IE_All_Users,Last_Name,singleLineText,checked,3600,,,4/8/2025 7:11pm,,,
recOeRJeDpBcxGVOb,flddysHhSh45x3sf8,tblbiZ0r6hIVfAWsY,IE_All_Users,Open_AI_Thread_ID (from Thread_History),multipleLookupValues,checked,3600,,,4/8/2025 7:11pm,,,
recYTz62ZS1hkof4w,fldTjLh14kKpatqIa,tblbiZ0r6hIVfAWsY,IE_All_Users,Action_ID,formula,checked,3600,,,4/8/2025 7:11pm,,,
recGfQSeccJkQqI93,fldLNHRS3ZzIMvp9n,tblbiZ0r6hIVfAWsY,IE_All_Users,Intake_Submitted_Trigger,formula,checked,3600,,,4/8/2025 7:11pm,,,
recpC6ogoWBWkBPU8,fld7g2APHvt8ugJZa,tblbiZ0r6hIVfAWsY,IE_All_Users,Support_Chat_Trigger,formula,checked,3600,,,4/8/2025 7:11pm,,,
reczNNH2JqqwiJE55,fld6fONsHRWOgXJ7M,tblbiZ0r6hIVfAWsY,IE_All_Users,Thread_ID,formula,checked,3600,,,4/8/2025 7:11pm,,,
rec39if2Y8vONoE8F,fldS7xf3IZdEUgEPI,tblbiZ0r6hIVfAWsY,IE_All_Users,LRS_History,multipleRecordLinks,checked,3600,,,4/8/2025 7:11pm,checked,,
recr4dvbmCkhGBuYq,fldPE9HwyOc1XaNvs,tblbiZ0r6hIVfAWsY,IE_All_Users,Interaction_Log_ID (from LRS_History),multipleLookupValues,checked,3600,,,4/8/2025 7:11pm,,,
recColrlo4IWLbyXi,fldHvtcEWDYaZGGbH,tblbiZ0r6hIVfAWsY,IE_All_Users,OpenAI_Thread_ID (from LRS_History),multipleLookupValues,checked,3600,,,4/8/2025 7:11pm,,,
recfNPJggwmnjPrSc,fldhTNJxcrB5Tl0Y2,tblbiZ0r6hIVfAWsY,IE_All_Users,OpenAI_Assistant_ID (from LRS_History),multipleLookupValues,checked,3600,,,4/8/2025 7:11pm,,,
recUs3WnD0F8ZR9pk,fldYyVcs379NQQLYT,tblbiZ0r6hIVfAWsY,IE_All_Users,Raw_JSON_Output (from LRS_History),multipleLookupValues,checked,3600,,,4/8/2025 7:11pm,,,
rec6k060cTIFFkeNf,fldUEGuncPF0T4Pxf,tblbiZ0r6hIVfAWsY,IE_All_Users,Context_02 (from LRS_History),multipleLookupValues,checked,3600,,,4/8/2025 7:11pm,,,
recfaOVPpJFLCDJnh,flddXQHVAi96qTdAr,tblbiZ0r6hIVfAWsY,IE_All_Users,Context_01 (from LRS_History),multipleLookupValues,checked,3600,,,4/8/2025 7:11pm,,,
recwN0ltR9oRvPYz9,fldxCUuljY54EEbXC,tblbiZ0r6hIVfAWsY,IE_All_Users,Date (from LRS_History),multipleLookupValues,checked,3600,,,4/8/2025 7:11pm,,,
recKEUyi4NTFxvV9V,fld72HYAu3BA1m2eS,tblbiZ0r6hIVfAWsY,IE_All_Users,Tech_Tickets,singleLineText,checked,3600,,,4/8/2025 7:11pm,,,
rec8HytIU3Hwljxm6,fldoSLRs8l0HOwr4H,tblbp1cs667ghcqrF,IE_Central_Organizations,Name,singleLineText,checked,3600,,,4/8/2025 7:11pm,,,
recrEJWBcAr4Jw05K,fldd80dVxt6CXDDYF,tblbp1cs667ghcqrF,IE_Central_Organizations,Org_ID,multilineText,checked,3600,,,4/8/2025 7:11pm,,,
recKeS4IDn668FMfB,fldZ4BtfUrz43Tvv0,tblbp1cs667ghcqrF,IE_Central_Organizations,AbbrevClient,singleLineText,checked,3600,,,4/8/2025 7:11pm,,,
recyHcYzVY48LZNeZ,fldAm5UrFiKKjxWCL,tblbp1cs667ghcqrF,IE_Central_Organizations,Logo,multipleAttachments,checked,3600,,,4/8/2025 7:11pm,,,
rec3AKIA4efUpoAHY,fld06cdNOgUafRxD3,tblbp1cs667ghcqrF,IE_Central_Organizations,Client_Project_Director,singleLineText,checked,3600,,,4/8/2025 7:11pm,,,
recsNIWGHRKMRfEAF,fldLbNtH5m3jJIUpR,tblbp1cs667ghcqrF,IE_Central_Organizations,SlackID (from Client_Project_Director) 2,singleLineText,checked,3600,,,4/8/2025 7:11pm,,,
recFoEqXtwRv0vtHR,fldQBbVhcttyy3Lp8,tblbp1cs667ghcqrF,IE_Central_Organizations,Status,singleSelect,checked,3600,,,4/8/2025 7:11pm,,,
recUbKP19pEarrfJ2,fldYLsraBzAt4el8p,tblbp1cs667ghcqrF,IE_Central_Organizations,Projects,singleLineText,checked,3600,,,4/8/2025 7:11pm,,,
rec3Tmaj0wtil6oXV,fldNaGdnEWkRll7hp,tblbp1cs667ghcqrF,IE_Central_Organizations,OpenAI_Threads,singleLineText,checked,3600,,,4/8/2025 7:11pm,,,
recxc4JHeEnwrvA0O,fldm94RnOzxJPgjV4,tblabfTmYAOobMeXb,IE_Central_Projects,Client_Org,singleLineText,checked,3600,,,4/8/2025 7:11pm,,,
rec9O4STl5gbDAAKJ,fldocgKg5nmxszSHD,tblC2OE03v8ZiUM1x,IE_Central_Team_Users,First Name,singleLineText,checked,3600,,,4/8/2025 7:11pm,,,
reclvJ1pWsRgKAnPF,fldvFuGEIwcvaqmnX,tblC2OE03v8ZiUM1x,IE_Central_Team_Users,Last Name,singleLineText,checked,3600,,,4/8/2025 7:11pm,,,
recbb2wWfR5aIqKyJ,flddC5vWUZPoLUvXb,tblC2OE03v8ZiUM1x,IE_Central_Team_Users,Full Name,multilineText,checked,3600,,,4/8/2025 7:11pm,,,
recShw7xwjbMYkdyp,fldev4jsRAo5CUaCl,tblC2OE03v8ZiUM1x,IE_Central_Team_Users,IE_Role_Level,singleSelect,checked,3600,,,4/8/2025 7:11pm,,,
recbYXRLYg6dARazq,fldCZhizn4rvO6b6V,tblC2OE03v8ZiUM1x,IE_Central_Team_Users,Title,singleLineText,checked,3600,,,4/8/2025 7:11pm,,,
rec4Ajl04QgBUixgF,fldvKg4Stpu056yWz,tblC2OE03v8ZiUM1x,IE_Central_Team_Users,Proposal_Photo,multipleAttachments,checked,3600,,,4/8/2025 7:11pm,,,
recopXtOMni6tevcz,fldmgB06Af1K0VlCr,tblC2OE03v8ZiUM1x,IE_Central_Team_Users,Projects Leading,singleLineText,checked,3600,,,4/8/2025 7:11pm,,,
recZm6Rnah0KOnTqY,fldsYF3URiYDPedQl,tblC2OE03v8ZiUM1x,IE_Central_Team_Users,Team_AT_Record_ID,multilineText,checked,3600,,,4/8/2025 7:11pm,,,
recMruoomsTqnKkOK,fldgwwjuXmdu4u4sP,tblC2OE03v8ZiUM1x,IE_Central_Team_Users,Email,email,checked,3600,,,4/8/2025 7:11pm,,,
reclemGmZEWTnS94z,fldH1E1SpP7XRa06b,tblC2OE03v8ZiUM1x,IE_Central_Team_Users,SlackID,singleLineText,checked,3600,,,4/8/2025 7:11pm,,,
recvuN6Iqs2TEwevm,fldNSF1pLIBwQtseH,tblhxqVkKjygDzkT1,IE_Roles,Role_Name,singleLineText,checked,3600,,,4/8/2025 7:10pm,,,
reco9HyQmxJChKZNO,fld5wZ1RnJVBJussC,tblhxqVkKjygDzkT1,IE_Roles,Role_Notes,multilineText,checked,3600,,,4/8/2025 7:10pm,,,
recxsaRUC6oCBlyKO,fldTb40XTJc1OTBIH,tblhxqVkKjygDzkT1,IE_Roles,Org_Type,multipleSelects,checked,3600,,,4/8/2025 7:10pm,,,
recrYEODubqmJJ4p1,fld1n0PbSyYLjoBXP,tblhxqVkKjygDzkT1,IE_Roles,Role_ID,formula,checked,3600,,,4/8/2025 7:10pm,,,
recWdxthNaV5kcrqM,fldoZD8tNVZ0RmblS,tblhxqVkKjygDzkT1,IE_Roles,Default_Access,singleSelect,checked,3600,,,4/8/2025 7:10pm,,,
rectoHwvnHvF5t7Pf,fld0iQC6B9zbHZ9f5,tblhxqVkKjygDzkT1,IE_Roles,Role_Tags,multipleRecordLinks,checked,3600,,,4/8/2025 7:10pm,checked,,
recZfbtujML4cj0XW,fldmN6B67DEaLxcKX,tblhxqVkKjygDzkT1,IE_Roles,Permissions,multipleRecordLinks,checked,3600,,,4/8/2025 7:10pm,checked,,
recxRtSIhnHF3IOH0,fldAC66QllKIqlV6W,tblhxqVkKjygDzkT1,IE_Roles,Users_Link,singleLineText,checked,3600,,,4/8/2025 7:10pm,,,
recsqUwC2H2IOhOQH,fldIUuNQhnH04lw8D,tblhxqVkKjygDzkT1,IE_Roles,Permission_Name (from Permissions),multipleLookupValues,checked,3600,,,4/8/2025 7:10pm,,,
recdJxl0B2adZWjgZ,fldSQylMHqgz8SGEt,tblhxqVkKjygDzkT1,IE_Roles,Users,singleLineText,checked,3600,,,4/8/2025 7:10pm,,,
recJff62tmoDPe5pc,fldq6MkrBuqpc1DMM,tbliQBF91cvRqYSlf,OpenAI_Messages,Open_AI_Thread_ID,multipleRecordLinks,checked,3600,,,4/8/2025 7:10pm,checked,,
rec1n2ub2gaHoKuBK,fldzTdJg0Q0d0oUpk,tbliQBF91cvRqYSlf,OpenAI_Messages,AT_OpenAI_Message_ID,formula,checked,3600,,,4/8/2025 7:10pm,,,
rec09oRdX4WRnNBWk,fldlLyZ8fc4opxSjx,tbliQBF91cvRqYSlf,OpenAI_Messages,Start_Time,dateTime,checked,3600,,,4/8/2025 7:10pm,,,
recsWMRu5OlOj41nz,flddiuNWEIAF5Udbr,tbliQBF91cvRqYSlf,OpenAI_Messages,Created_Time,createdTime,checked,3600,,,4/8/2025 7:10pm,,,
recBJCPm54gvhOTHI,fld9ZiCXuacZA2suT,tbliQBF91cvRqYSlf,OpenAI_Messages,Message_Tags,multipleRecordLinks,checked,3600,,,4/8/2025 7:10pm,checked,,
recNNcQXodzRV0MCi,fldiEbi9rYsg18AQN,tbliQBF91cvRqYSlf,OpenAI_Messages,Last_Updated,lastModifiedTime,checked,3600,,,4/8/2025 7:10pm,,,
recq2xjNPQS1RO8Md,fldSb8jJWeym8DlaK,tbliQBF91cvRqYSlf,OpenAI_Messages,Message_Text,multilineText,checked,3600,,,4/8/2025 7:10pm,,,
recuxUGSKQ2h9DmDr,fld6iL56aJ6zE7s6d,tbliQBF91cvRqYSlf,OpenAI_Messages,Log_This_Thread,checkbox,checked,3600,,,4/8/2025 7:10pm,,,
rect6En1f2hHMOFbl,fldob3whIKCgAQI9L,tbliQBF91cvRqYSlf,OpenAI_Messages,Sender,singleSelect,checked,3600,,,4/8/2025 7:10pm,,,
reclQO68ydVauLN3U,fldiKU0kpmIQxDwBE,tbliQBF91cvRqYSlf,OpenAI_Messages,Message_Attachment,multipleAttachments,checked,3600,,,4/8/2025 7:10pm,,,
recnukVT5yAYAt6yP,fld7PbF6yS0xHkBr6,tblQMzBZzevb7Uzn1,OpenAI_Threads,AT_OpenAIThread_Record_ID,formula,checked,3600,,,4/8/2025 7:10pm,,,
rec6Grtd739hROuVM,fldTHwVYNe4I6tzlj,tblQMzBZzevb7Uzn1,OpenAI_Threads,Start_Time,dateTime,checked,3600,,,4/8/2025 7:10pm,,,
recWRy2lbnxw4MbZo,fldLesJMcKAZMQUdd,tblQMzBZzevb7Uzn1,OpenAI_Threads,Created_Time,createdTime,checked,3600,,,4/8/2025 7:10pm,,,
rec14QFEsQGxWKDFT,fldHVgyN2ccjhY9wF,tblQMzBZzevb7Uzn1,OpenAI_Threads,Thread_Tags,multipleRecordLinks,checked,3600,,,4/8/2025 7:10pm,checked,,
recFI0hpPoaUWdDF8,fldQA9eZZ0sAI4hSz,tblQMzBZzevb7Uzn1,OpenAI_Threads,Last_Updated,lastModifiedTime,checked,3600,,,4/8/2025 7:10pm,,,
recPW2gI1VhkB7WuY,fldY2Kgh9wqJTXkOy,tblQMzBZzevb7Uzn1,OpenAI_Threads,Open_AI_Thread_ID,singleLineText,checked,3600,,,4/8/2025 7:10pm,,,
recF2dfjulJDSCnCm,fldq76fzugyGPz2cw,tblQMzBZzevb7Uzn1,OpenAI_Threads,Compressed_Message_Payload,multilineText,checked,3600,,,4/8/2025 7:10pm,,,
recfyxES4CoXryn55,fldEeJ1WIL6Tl398Z,tblQMzBZzevb7Uzn1,OpenAI_Threads,Log_This_Thread,checkbox,checked,3600,,,4/8/2025 7:10pm,,,
rec2NPongzcHeedim,fld1N0mPH8S1Rlvrt,tblQMzBZzevb7Uzn1,OpenAI_Threads,Next_Welcome,richText,checked,3600,,,4/8/2025 7:10pm,,,
recjYH62df9TnKvth,fldsvRQ8GYYOkn4EP,tblQMzBZzevb7Uzn1,OpenAI_Threads,User_ID_Txt,singleLineText,checked,3600,,,4/8/2025 7:10pm,,,
rec7GW7uWhr4iABk9,fldtWRadtDodTKqRY,tblQMzBZzevb7Uzn1,OpenAI_Threads,User_ID,singleLineText,checked,3600,,,4/8/2025 7:10pm,,,
recpbO0CkewwNRe2s,fld31PIRhLUw6l5t1,tblQMzBZzevb7Uzn1,OpenAI_Threads,OpenAI_Messages,multipleRecordLinks,checked,3600,,,4/8/2025 7:10pm,checked,,
recPWqSl2enBJWntn,fldH4eA7bF9jo6v1e,tblQMzBZzevb7Uzn1,OpenAI_Threads,Org_ID,singleLineText,checked,3600,,,4/8/2025 7:10pm,,,
recAtO1eXbXxSL4D0,fldwoZvPfba8cAGfh,tblQMzBZzevb7Uzn1,OpenAI_Threads,Review_Notes,richText,checked,3600,,,4/8/2025 7:10pm,,,
reck8kPsLUVGJO3Xc,fldLFRwUjzorzhw4U,tblQMzBZzevb7Uzn1,OpenAI_Threads,OpenAI_Assistant_ID,singleLineText,checked,3600,,,4/8/2025 7:10pm,,,
recFnLrawt1CWbGNK,fldxnjky6x7Hqn6S6,tblPtIgClrIJyYgQo,Platform_Pages,Platform_Resource_AT_ID,formula,checked,3600,,,4/8/2025 7:12pm,,,
recLzXYjkmjNCy9og,fldEWDgwtCtB2W4mo,tblPtIgClrIJyYgQo,Platform_Pages,Notes,multilineText,checked,3600,,,4/8/2025 7:12pm,,,
reczyDCjdRkSdCLjX,fldwy8ESJ7P6s3CcM,tblPtIgClrIJyYgQo,Platform_Pages,Now_Serving_Live,singleSelect,checked,3600,,,4/8/2025 7:12pm,,,
recpii1biMEdpxqkF,fldimmIpmdLTYjoQ6,tblPtIgClrIJyYgQo,Platform_Pages,Resource_HTML,url,checked,3600,,,4/8/2025 7:12pm,,,
recoV1ERDgnlZkOIN,fldOuWmO9qOclfqoV,tblPtIgClrIJyYgQo,Platform_Pages,Review_Sessions,multipleRecordLinks,checked,3600,,,4/8/2025 7:12pm,checked,,
recLDpciCYPt6dPs7,fldSwZQ2RbsWt6yy1,tblPtIgClrIJyYgQo,Platform_Pages,Session_ID (from Review_Sessions),multipleLookupValues,checked,3600,,,4/8/2025 7:12pm,,,
rec65HYw1GtV7Rc1M,fld9SgoZLRCRbTlz7,tblPtIgClrIJyYgQo,Platform_Pages,Org_ID,multipleRecordLinks,checked,3600,,,4/8/2025 7:12pm,checked,,
recUqN6HMsUhMpOtB,fldFiYlaXEGOzfB8n,tblPtIgClrIJyYgQo,Platform_Pages,AbbrevClient (from Org_ID),multipleLookupValues,checked,3600,,,4/8/2025 7:12pm,,,
recwK1W0aiJaUxzUk,fld4IpfxiMInJa0yW,tblPtIgClrIJyYgQo,Platform_Pages,Org_ID (from Org_ID),multipleLookupValues,checked,3600,,,4/8/2025 7:12pm,,,
recOtWkSuIfleg4tE,fldV9KADZR3zXe8RW,tblPtIgClrIJyYgQo,Platform_Pages,Name (from Org_ID),multipleLookupValues,checked,3600,,,4/8/2025 7:12pm,,,
recgEJpWP0fssG63A,fld4lyHfPK9HBkM4G,tblPtIgClrIJyYgQo,Platform_Pages,Status,singleSelect,checked,3600,,,4/8/2025 7:12pm,,,
recCKcYGmfyj7s38W,fldjLXdTylynrlFDG,tblPtIgClrIJyYgQo,Platform_Pages,IE_Module_Recipe_Link,multipleRecordLinks,checked,3600,,,4/8/2025 7:12pm,checked,,
rec7649XKQFckUMNB,fldX4bqxjfvYimIuM,tblPtIgClrIJyYgQo,Platform_Pages,Output_Path_Webhook (from IE_Module_Recipe_Link),multipleLookupValues,checked,3600,,,4/8/2025 7:12pm,,,
rec5iYpIYGNsGcdDl,fldXQsObKIm4TQkIH,tblPtIgClrIJyYgQo,Platform_Pages,Outcome_Event (from IE_Module_Recipe_Link),multipleLookupValues,checked,3600,,,4/8/2025 7:12pm,,,
recLpel2oWQi3bcms,fldq8xYmCGLdpSD8R,tblPtIgClrIJyYgQo,Platform_Pages,Status (from IE_Module_Recipe_Link),multipleLookupValues,checked,3600,,,4/8/2025 7:12pm,,,
rec1jYzyv14xhn05U,fldtQDW51WPm5YwJw,tblPtIgClrIJyYgQo,Platform_Pages,Context_Protocol (from IE_Module_Recipe_Link),multipleLookupValues,checked,3600,,,4/8/2025 7:12pm,,,
recFFBwwBGXyyvN5Y,fldwJgMoS8mz3PWFt,tblPtIgClrIJyYgQo,Platform_Pages,Name (from IE_Module_Recipe_Link),multipleLookupValues,checked,3600,,,4/8/2025 7:12pm,,,
rec1v56j072gqbi9I,fldBkLESWXGHhDYla,tblPtIgClrIJyYgQo,Platform_Pages,QC_Change_Order,multipleRecordLinks,checked,3600,,,4/8/2025 7:12pm,checked,,
rec7hRGgDf4z153r4,fldyiVpCsOKxqPSAh,tblZaN2izaUrznRES,QC_Change_Order,Change_Order_AT_ID,formula,checked,3600,,,4/8/2025 7:12pm,,,
recTaxwlHQqgqtvMT,fldwzPgdw88ZwPz7t,tblZaN2izaUrznRES,QC_Change_Order,Change_Order_Description,multilineText,checked,3600,,,4/8/2025 7:12pm,,,
recaXOieaQM2IVmQY,fldwTyCi5cs9o8mfi,tblZaN2izaUrznRES,QC_Change_Order,Deliverable_Designer,multipleRecordLinks,checked,3600,,,4/8/2025 7:12pm,checked,,
recF2H3kayD64XDTf,fldrRmEssZSqU8gW7,tblZaN2izaUrznRES,QC_Change_Order,QC_Tickets_IDs,singleLineText,checked,3600,,,4/8/2025 7:12pm,,,
rec7MT2gDyeaAYCuE,fldWViuWw46JA9x8v,tblZaN2izaUrznRES,QC_Change_Order,Designer (from Deliverable_Designer),multipleLookupValues,checked,3600,,,4/8/2025 7:12pm,,,
recIYBzYfsqq90Wok,fldtx2SkHDTUDHEIb,tblZaN2izaUrznRES,QC_Change_Order,Project,multipleRecordLinks,checked,3600,,,4/8/2025 7:12pm,checked,,
recuY29Ma7xUjpj5f,fldktybJSwr8xYsVG,tblZaN2izaUrznRES,QC_Change_Order,QC_Tickets,multipleRecordLinks,checked,3600,,,4/8/2025 7:12pm,checked,,
recXl8HG6tn8n8q5Z,fld8SirdzgLC8iVVU,tblZaN2izaUrznRES,QC_Change_Order,Name (from Org_ID) (from Project),multipleLookupValues,checked,3600,,,4/8/2025 7:12pm,,,
recxp8QzEvzAyjKPE,fldsN3oWBDiLwX6DW,tblZaN2izaUrznRES,QC_Change_Order,Resource_HTML (from Project),multipleLookupValues,checked,3600,,,4/8/2025 7:12pm,,,
rec9up4nuyuqWYShl,fldirIfIISu73LBSs,tblDGRBf698F9Eyc8,QC_Review_Session,Session_ID,formula,checked,3600,,,4/8/2025 7:11pm,,,
recFoDDQr2waCTJOt,fldkSk1bzq5sTayIX,tblDGRBf698F9Eyc8,QC_Review_Session,Start_ReviewPeriod,date,checked,3600,,,4/8/2025 7:11pm,,,
recF4kHZwm9Ks6NZX,fldYZUoMvvCEmQkQc,tblDGRBf698F9Eyc8,QC_Review_Session,End_ReviewPeriod,date,checked,3600,,,4/8/2025 7:11pm,,,
recDaGCMBFQUJP8SP,fldqxe2HhSIeCP8De,tblDGRBf698F9Eyc8,QC_Review_Session,Token_URL,url,checked,3600,,,4/8/2025 7:11pm,,,
recLTWWOE8DM9LhQv,fldLnH75fVDMczswC,tblDGRBf698F9Eyc8,QC_Review_Session,Linked_Project,multipleRecordLinks,checked,3600,,,4/8/2025 7:11pm,checked,,
recZaeNGesu51NlEk,fldAKdYgtBfVDGLqJ,tblDGRBf698F9Eyc8,QC_Review_Session,ClientAbbrev_Project_Link (from Linked_Project),multipleLookupValues,checked,3600,,,4/8/2025 7:11pm,,,
recxT1NGLk1bKMasc,fldQ3pq0ua4mquKGJ,tblDGRBf698F9Eyc8,QC_Review_Session,Reviewer_Name,singleLineText,checked,3600,,,4/8/2025 7:11pm,,,
recK6xkJm99DOwYwu,flduznHHQHKvLas2L,tblDGRBf698F9Eyc8,QC_Review_Session,QC_Tickets,multipleRecordLinks,checked,3600,,,4/8/2025 7:11pm,checked,,
rec5olDCzi7wwPqoo,fld0VVweOu9Fs3HrD,tblDGRBf698F9Eyc8,QC_Review_Session,QC_Change_Order,singleLineText,checked,3600,,,4/8/2025 7:11pm,,,
reca1RK3iAmr7tVLk,fldtC1JldBuEKHveM,tblDGRBf698F9Eyc8,QC_Review_Session,QC_Platform_Pages,multipleRecordLinks,checked,3600,,,4/8/2025 7:11pm,checked,,
recKvyeMJFgYQ175a,fld2CohKLtxJ6sqYh,tblDGRBf698F9Eyc8,QC_Review_Session,Reviewer_Link,multipleRecordLinks,checked,3600,,,4/8/2025 7:11pm,checked,,
recCGGCnw6Pk8NIfF,fldqI3m9YPO8EjAvq,tblDGRBf698F9Eyc8,QC_Review_Session,Full Name (from Designer),multipleLookupValues,checked,3600,,,4/8/2025 7:11pm,,,
rect9VoEnob7Vhl1n,fldjp5gCCE0iamSW0,tblDGRBf698F9Eyc8,QC_Review_Session,QC_Tickets 2,singleLineText,checked,3600,,,4/8/2025 7:11pm,,,
recVZU8HMjrQ6M1u9,fldqza6kpLMSLytMe,tblDGRBf698F9Eyc8,QC_Review_Session,QC_Change_Order 2,multipleRecordLinks,checked,3600,,,4/8/2025 7:11pm,checked,,
recvmJyDmcq0bhPpD,fldjCwx304UrDUTcA,tblDGRBf698F9Eyc8,QC_Review_Session,QC_Change_Order 3,singleLineText,checked,3600,,,4/8/2025 7:11pm,,,
recxOVBLOzI2mTVnT,fldA6M0jvt3Nnb5KS,tblDGRBf698F9Eyc8,QC_Review_Session,Resource_HTML (from QC_Platform_Pages),multipleLookupValues,checked,3600,,,4/8/2025 7:11pm,,,
recNVpm85trLS9tPC,fldkJm6bga6Zon2iV,tblDGRBf698F9Eyc8,QC_Review_Session,Reviewer_Email,multipleLookupValues,checked,3600,,,4/8/2025 7:11pm,,,
recGzglMlHqi2TYus,fldyBweYzClkS2JIb,tblDGRBf698F9Eyc8,QC_Review_Session,Reviewer_Slack,multipleLookupValues,checked,3600,,,4/8/2025 7:11pm,,,
recM4CX5rNJqsVpkG,fldwmr3J2cvTSkF1B,tblDGRBf698F9Eyc8,QC_Review_Session,Reviewer_Role,multipleLookupValues,checked,3600,,,4/8/2025 7:11pm,,,
recW1DSl9y75aZArn,fldskfEsnDuncbiZA,tblDGRBf698F9Eyc8,QC_Review_Session,Linked_Client,multipleRecordLinks,checked,3600,,,4/8/2025 7:11pm,checked,,
recRqRVB5PybIzU7U,fldRCv2dvKj53gCsc,tblDGRBf698F9Eyc8,QC_Review_Session,Name (from Linked_Client),multipleLookupValues,checked,3600,,,4/8/2025 7:11pm,,,
rechQ0QQ3OJhHSyhR,fldjeYCWdxo99r3Cm,tblDGRBf698F9Eyc8,QC_Review_Session,AbbrevClient (from Linked_Client),multipleLookupValues,checked,3600,,,4/8/2025 7:11pm,,,
recz6WZBkVhulNs9R,fldaNLDP5gpBGmTUL,tblDGRBf698F9Eyc8,QC_Review_Session,Logo (from Linked_Client),multipleLookupValues,checked,3600,,,4/8/2025 7:11pm,,,
recd5dsESLMfQCaoB,fld0UqD9ZRKUlg1ZW,tblDGRBf698F9Eyc8,QC_Review_Session,URL_Constructor,formula,checked,3600,,,4/8/2025 7:11pm,,,
recOOs7RDQxdn8nrv,fldoRz2K0HcxIfW0K,tblDGRBf698F9Eyc8,QC_Review_Session,Team_AT_Record_ID (from Reviewer_Link),multipleLookupValues,checked,3600,,,4/8/2025 7:11pm,,,
recK0yHXQtmoKV466,fldrMMW94lFxu5W3F,tblaZGLONqZC8SDit,QC_Tickets,Ticket_AT_ID,formula,checked,3600,,,4/8/2025 7:11pm,,,
rec51oho4mSAnS89A,fldCVkk53ZZoEOBYH,tblaZGLONqZC8SDit,QC_Tickets,QC_Comment_Text,richText,checked,3600,,,4/8/2025 7:11pm,,,
recxeajpCmGnqJZ1h,fldeg3rOX1D2ZF6uT,tblaZGLONqZC8SDit,QC_Tickets,Comment_Priority,singleSelect,checked,3600,,,4/8/2025 7:11pm,,,
recZ7PBrwyxNSVKvd,fldfH9ReGxjgGJlJ8,tblaZGLONqZC8SDit,QC_Tickets,Source_URL,url,checked,3600,,,4/8/2025 7:11pm,,,
recmWSTVPdSDQmxZn,fldqTlOSRct05X76N,tblaZGLONqZC8SDit,QC_Tickets,Source_Version,singleLineText,checked,3600,,,4/8/2025 7:11pm,,,
recDHUCA7TKcoxjBm,fldsOtAu3oQdg3FjX,tblaZGLONqZC8SDit,QC_Tickets,Screenshot,multipleAttachments,checked,3600,,,4/8/2025 7:11pm,,,
recCyCyfx7qqgdE2E,fldedDtUGpZXZVYxx,tblaZGLONqZC8SDit,QC_Tickets,Datetime_entered,dateTime,checked,3600,,,4/8/2025 7:11pm,,,
recSODlU2IzBN2n31,fldNZPixqhzi90cTv,tblaZGLONqZC8SDit,QC_Tickets,Comment_Status,singleSelect,checked,3600,,,4/8/2025 7:11pm,,,
rec1UX0bBpR4edi6Z,fldrIjX2Xn8IXYTtN,tblaZGLONqZC8SDit,QC_Tickets,#Viewpoint_Width,number,checked,3600,,,4/8/2025 7:11pm,,,
recM3vBCBQ0EMQdqB,fldwvgP7cwIkkwmlA,tblaZGLONqZC8SDit,QC_Tickets,Reviewer_Session_ID,multipleRecordLinks,checked,3600,,,4/8/2025 7:11pm,checked,,
recPb0kE9JAqcJQxY,fldM9INEPCCzF4DlM,tblaZGLONqZC8SDit,QC_Tickets,Viewpoint_Height,number,checked,3600,,,4/8/2025 7:11pm,,,
reco0lXcd3Wn3HwvX,flduV8fLht9ooLa8G,tblaZGLONqZC8SDit,QC_Tickets,Source_Descriptor,singleLineText,checked,3600,,,4/8/2025 7:11pm,,,
recbADM6IqSSPICOC,fldX29lnAKE8zx6VM,tblaZGLONqZC8SDit,QC_Tickets,Linked_Project (from Reviewer_Session_ID) 2,multipleLookupValues,checked,3600,,,4/8/2025 7:11pm,,,
recDAxVDcc6ckcyh1,fldrTCBKaUYrYP7gd,tblaZGLONqZC8SDit,QC_Tickets,Reviewer_Name (from Reviewer_Session_ID) 2,multipleLookupValues,checked,3600,,,4/8/2025 7:11pm,,,
rec2kHoEdT1RWrhaT,fldbfgtLuEJGumYPH,tblaZGLONqZC8SDit,QC_Tickets,Session_ID (from Reviewer_Session_ID) 2,multipleLookupValues,checked,3600,,,4/8/2025 7:11pm,,,
recrbG1OjLmgyeQwB,fldTP38pQyhfhUXqM,tblaZGLONqZC8SDit,QC_Tickets,QC_Change_Order,multipleRecordLinks,checked,3600,,,4/8/2025 7:11pm,checked,,
reczgmDkoycxEkIcV,fldPlWTt6h5ndgEZ5,tblaZGLONqZC8SDit,QC_Tickets,InResource_Location_01,singleLineText,checked,3600,,,4/8/2025 7:12pm,,,
recRlBzBeGJ0ap0Cf,fldUMuLWXHefLyk0A,tblaZGLONqZC8SDit,QC_Tickets,InResource_Location_02,singleLineText,checked,3600,,,4/8/2025 7:12pm,,,
recNorvpjCfmoGIre,fldXCC8RoL4I8aCfR,tblaZGLONqZC8SDit,QC_Tickets,InResource_Location_03,singleLineText,checked,3600,,,4/8/2025 7:12pm,,,
recJIUcwSvdYoOU6r,fld2GqJL2qmsOXK1N,tblaZGLONqZC8SDit,QC_Tickets,Ticket_Type,singleSelect,checked,3600,,,4/8/2025 7:12pm,,,
recb9eO2MVFdmxWHj,fldiw0IG8g2wrlrte,tblaZGLONqZC8SDit,QC_Tickets,Submitted_By_Tech_Ticket,multipleRecordLinks,checked,3600,,,4/8/2025 7:12pm,checked,,
recCAFSmIv6E9G2VH,fldCFqDT2FlBSh5kO,tblaZGLONqZC8SDit,QC_Tickets,Full Name (from Submitted_By_Tech_Ticket),multipleLookupValues,checked,3600,,,4/8/2025 7:12pm,,,
recHcKR6AAjARv9Lw,fldPfN7dLTFvv2JvK,tblaZGLONqZC8SDit,QC_Tickets,Tech_Ticket_Title,singleLineText,checked,3600,,,4/8/2025 7:12pm,,,
rec9IiDeMZU7yAogd,fld4LjCWfZsQw4oMN,tblaZGLONqZC8SDit,QC_Tickets,Selected_For_ChangeOrder,checkbox,checked,3600,,,4/8/2025 7:12pm,,,